INSERT INTO institution (id, institution_name, institution_location) VALUES
(1, 'Technische Universit채t Berlin', 'Berlin'),
(2, 'Ludwig-Maximilians-Universit채t M체nchen', 'Munich'),
(3, 'Ruprecht-Karls-Universit채t Heidelberg', 'Heidelberg');

INSERT INTO educator (id, educator_name, educator_speciality) VALUES
(1, 'Julie Hubbard', 'Astrophysics'),
(2, 'Monica Brown', 'Quantum Mechanics'),
(3, 'Jennifer Arroyo', 'Thermodynamics'),
(4, 'Adrian Martinez', 'Particle Physics'),
(5, 'William Snyder', 'Optics'),
(6, 'Michael Martinez', 'Nuclear Physics'),
(7, 'Amanda Alexander', 'Electromagnetism');

INSERT INTO educator_institution (educator_id, institution_id) VALUES
(1, 3),
(2, 1),
(3, 1),
(4, 2),
(5, 2),
(6, 3),
(7, 3),
(7, 2);

INSERT INTO lecture (id, lecture_date, lecture_title, educator_id, institution_id) VALUES
(1, '2024-10-18 05:12:49', 'Dark Matter and Galaxy Rotation', 1, 3),
(2, '2024-12-19 14:54:09', 'Life Cycle of Stars', 1, 3),
(3, '2025-04-06 00:27:02', 'Quantum Entanglement', 2, 1),
(4, '2024-11-12 15:19:54', 'Heisenberg Uncertainty Principle', 2, 1),
(5, '2024-10-12 22:34:56', 'Laws of Thermodynamics', 3, 1),
(6, '2024-12-01 21:53:03', 'Heat Engines', 3, 1),
(7, '2024-11-02 10:42:02', 'Standard Model Particles', 4, 2),
(8, '2025-01-18 03:46:02', 'Higgs Mechanism', 4, 2),
(9, '2024-12-29 09:01:38', 'Reflection and Refraction', 5, 2),
(10, '2025-04-04 00:51:37', 'Wave-Particle Duality of Light', 5, 2),
(11, '2025-02-11 03:54:11', 'Radioactive Decay', 6, 3),
(12, '2025-04-13 07:06:31', 'Nuclear Fission and Fusion', 6, 3),
(13, '2025-02-20 19:56:14', 'Maxwell''s Equations', 7, 2),
(14, '2025-04-11 15:20:45', 'Electromagnetic Waves', 7, 3);

INSERT INTO question (id, lecture_id, question_text, correct_answer_index) VALUES
(1, 1, 'Why do galaxies require dark matter to explain their rotation curves?', 0),
(2, 1, 'What evidence supports the existence of dark matter?', 0),
(3, 2, 'What is the final stage of a massive star''s life?', 0),
(4, 2, 'Which process powers the main sequence phase?', 0),
(5, 3, 'What does quantum entanglement imply?', 0),
(6, 4, 'Which pair of properties are bound by the uncertainty principle?', 0),
(7, 5, 'What does the second law of thermodynamics state?', 0),
(8, 6, 'What is the Carnot efficiency?', 0),
(9, 7, 'Which particle mediates electromagnetic force?', 0),
(10, 8, 'What role does the Higgs field play in physics?', 0),
(11, 9, 'What is Snell''s Law used for?', 0),
(12, 10, 'What experiment shows light behaves like particles?', 0),
(13, 11, 'What is alpha decay?', 0),
(14, 12, 'What is a key product of nuclear fusion?', 0),
(15, 13, 'What does Gauss''s Law describe?', 0),
(16, 14, 'Which of the following is an electromagnetic wave?', 0);

INSERT INTO answer_option (id, question_id, answer_text, option_index) VALUES
(1, 1, 'Because visible mass alone can''t account for observed velocities', 0),
(2, 1, 'Because dark energy accelerates rotation', 1),
(3, 1, 'Due to gravitational lensing effects only', 2),
(4, 1, 'Because Newton''s laws fail at galactic scales', 3),
(5, 2, 'Gravitational lensing and cosmic microwave background data', 0),
(6, 2, 'Changes in atomic spectra', 1),
(7, 2, 'Observations of solar flares', 2),
(8, 2, 'Variations in Earth''s magnetic field', 3),
(9, 3, 'Black hole or neutron star', 0),
(10, 3, 'White dwarf', 1),
(11, 3, 'Red giant', 2),
(12, 3, 'Supernova remnant', 3),
(13, 4, 'Hydrogen fusion into helium', 0),
(14, 4, 'Helium fusion into carbon', 1),
(15, 4, 'Gravitational collapse', 2),
(16, 4, 'Radioactive decay', 3),
(17, 5, 'Measurement of one particle instantly affects the other', 0),
(18, 5, 'Particles merge into one', 1),
(19, 5, 'They lose spin permanently', 2),
(20, 5, 'Energy is teleported', 3),
(21, 6, 'Position and momentum', 0),
(22, 6, 'Charge and mass', 1),
(23, 6, 'Speed and time', 2),
(24, 6, 'Temperature and volume', 3),
(25, 7, 'Entropy of an isolated system never decreases', 0),
(26, 7, 'Energy is created constantly', 1),
(27, 7, 'Heat can be fully converted to work', 2),
(28, 7, 'Cold flows to hot spontaneously', 3),
(29, 8, 'Maximum theoretical efficiency of a heat engine', 0),
(30, 8, 'Minimum required energy to start a motor', 1),
(31, 8, 'Work produced by any system', 2),
(32, 8, 'Rate of heat loss in a vacuum', 3),
(33, 9, 'Photon', 0),
(34, 9, 'Gluon', 1),
(35, 9, 'W Boson', 2),
(36, 9, 'Higgs Boson', 3),
(37, 10, 'It gives particles mass', 0),
(38, 10, 'It powers nuclear fusion', 1),
(39, 10, 'It cools neutrons', 2),
(40, 10, 'It binds quarks', 3),
(41, 11, 'Calculating refraction angles', 0),
(42, 11, 'Predicting diffraction', 1),
(43, 11, 'Measuring brightness', 2),
(44, 11, 'Computing polarization', 3),
(45, 12, 'Photoelectric effect', 0),
(46, 12, 'Double-slit interference', 1),
(47, 12, 'Refraction through glass', 2),
(48, 12, 'Polarization through lens', 3),
(49, 13, 'Emission of a helium nucleus', 0),
(50, 13, 'Loss of a neutron', 1),
(51, 13, 'Absorption of energy', 2),
(52, 13, 'Fusion of two atoms', 3),
(53, 14, 'Helium nucleus and energy', 0),
(54, 14, 'Radioactive waste', 1),
(55, 14, 'Gamma rays only', 2),
(56, 14, 'Neutrino burst', 3),
(57, 15, 'Electric flux through a closed surface', 0),
(58, 15, 'Magnetic field in a solenoid', 1),
(59, 15, 'Induced EMF in a circuit', 2),
(60, 15, 'Resistance in a wire', 3),
(61, 16, 'X-ray', 0),
(62, 16, 'Sound', 1),
(63, 16, 'Seismic wave', 2),
(64, 16, 'Tidal wave', 3);

INSERT INTO student_answer (id, question_id, answer_option_id, device_id) VALUES
(1, 1, 4, '88cec76a-6696-4323-8ef1-81dbcdf4987d'),
(2, 1, 1, '4a018c9b-025d-4e5d-8ee0-9b04d2269c62'),
(3, 1, 1, 'c7145479-28be-4993-b967-ef2f7c0991e0'),
(4, 1, 1, '15dbe062-f960-47b5-9c86-7e044f6ce15c'),
(5, 1, 4, '6a99656b-1ac8-46c8-9ede-179c2a2ec2ca'),
(6, 1, 3, 'f2a2bce0-cf82-4cff-9ae8-3ec0b306774f'),
(7, 1, 2, '5dd17ba6-cac6-46a9-92a9-df05ea3288ea'),
(8, 1, 1, '2a9cf76c-2462-47e9-935b-f6744f58c05e'),
(9, 1, 4, 'ce2aaec6-d0cf-4def-ae17-3f413517e3a4'),
(10, 1, 2, '8cda78e3-4a48-4e45-8730-33e85e68e3e5'),
(11, 1, 4, 'ac992cea-fb5a-45ce-bfaf-89f5b91541a2'),
(12, 1, 1, '8ee4cc6b-d2cc-4306-8042-0299ed35b70a'),
(13, 1, 2, '0966a525-53f6-42e4-9710-1c724c557b6f'),
(14, 1, 2, '4d78ce62-82b9-47dd-b8d2-98c44839d524'),
(15, 1, 1, '73c107d6-f910-42b7-a8c0-b987747362ec'),
(16, 1, 1, 'ee7d35dc-83e0-46e9-9935-122d48ff1135'),
(17, 1, 1, 'fc881cf6-9615-4300-82ea-592e04815028'),
(18, 1, 2, 'a995b31b-3f9f-4e5f-81ba-63496c58cd43'),
(19, 1, 1, '8910b3db-594f-46b0-adc5-639bc53c3dcf'),
(20, 1, 1, '82daccc9-008a-4e16-b98e-59e19582a33f'),
(21, 1, 3, '1fb18e43-e1c2-42fb-a13b-20a7ee9f4ed2'),
(22, 1, 1, '92cdfb11-9921-4f12-ad01-60d6ddcf7d37'),
(23, 1, 3, 'ccca38fb-a279-4ae7-a7f3-12731c84f042'),
(24, 1, 4, '3badc493-c969-44b4-8e8e-20dff9dbea55'),
(25, 1, 1, 'e39f391d-69c3-4311-ab11-c774e872405e'),
(26, 1, 3, '3232abb9-339d-4469-b3a2-7f241e0d60ab'),
(27, 1, 1, 'dbe33de3-1973-4b02-9c02-89bda07cc2d0'),
(28, 1, 4, '9813fb38-19a0-4d3e-81ad-040a70c22c77'),
(29, 1, 2, 'db15bee2-6658-4831-b42c-211f889d2ebb'),
(30, 1, 1, '46cd874f-40d9-40d9-a099-936fa696d02f'),
(31, 1, 1, 'd581f458-ea05-4423-94cf-d0cffcf6145b'),
(32, 1, 1, '15735b89-1a50-4aa6-bd47-cab6359f831d'),
(33, 1, 2, 'f8ea9ff6-2e20-408e-8bda-38a6e730fda1'),
(34, 1, 1, 'adbeb217-b19f-4b7c-8a12-a66fadc15499'),
(35, 1, 1, 'da7d52a9-ee95-4fa0-be46-da23fc18e97b'),
(36, 1, 4, '8c647291-d1da-47dd-80ef-2e587e571996'),
(37, 1, 4, '2dbf74ad-751e-4319-b63d-4f183a8c8d6d'),
(38, 1, 1, '9289c75c-c0c8-4b49-a0fa-fcb8e473aaf5'),
(39, 1, 1, '3da5faf0-b541-4639-8a3c-0998efd54581'),
(40, 1, 1, '46c2ba1d-8abb-4ba5-9eb6-b5fb3194e4e8'),
(41, 1, 1, '0f7d080a-7d01-40f1-bac6-022444ff8d65'),
(42, 1, 4, '00a8531c-0c8f-47b9-8d54-8363540529e2'),
(43, 1, 1, '805c0fea-4e49-4c8b-a7ea-d0edc88452d6'),
(44, 1, 1, '5e147489-fe05-4e3b-8d1a-57150f8445fb'),
(45, 1, 2, '51103794-e259-4eb0-a011-b87076653a02'),
(46, 1, 1, '8f961b57-5086-4ffc-ac86-74925c160de3'),
(47, 1, 1, '08ac52c8-adb0-4dd9-966d-0b9c83f67573'),
(48, 1, 1, 'de3fd6f0-7b13-4624-bce4-735534619883'),
(49, 1, 1, '503b4e09-e1a5-41ae-ac6e-da4c0759c9ab'),
(50, 1, 4, '5a2d8a80-7e0d-45ec-9c91-5f9144dee299'),
(51, 1, 1, 'b852d52f-1d5a-468d-8e33-2666c1975ef1'),
(52, 1, 2, '8a0ae486-a957-4917-882d-2dac538a91e6'),
(53, 1, 1, 'f0117fdb-c49c-46ea-9c8c-162454a22dec'),
(54, 1, 3, '52a8ad07-e913-4c6b-a126-f8c218c600e0'),
(55, 2, 6, '04718bc4-bc14-442d-bc7d-86301db5d986'),
(56, 2, 5, '16c6826f-68aa-4f8a-91ca-533412d9b4de'),
(57, 2, 6, 'd12202c8-b8a8-4f59-bcda-1e2d6017ed75'),
(58, 2, 6, '7324457f-4bb5-4222-8b43-703fe8cf8bb6'),
(59, 2, 8, 'fb97c628-fd81-480b-b17f-e96c55a50fd4'),
(60, 2, 6, '17f69a99-7c79-452a-b6f5-24ef8051445d'),
(61, 2, 5, 'ec9a83fa-9081-4ab1-94e3-7b9dd10fae44'),
(62, 2, 5, 'ae06d561-c578-404d-a251-c75436a7516a'),
(63, 2, 5, '080ba0ca-c629-4c67-944e-20f55c2d5bb5'),
(64, 2, 5, '313ec106-1b1a-44a7-8004-f53b81f16c77'),
(65, 2, 5, '5511bf73-6dd2-47ce-aa40-457c79109877'),
(66, 2, 8, '6ce55c70-00d5-4db6-9b37-63465a072d3d'),
(67, 2, 8, '0ee5a29a-756f-4664-94ef-3e4d7a134761'),
(68, 2, 5, 'e617e4d9-cb1f-45fb-b59b-e4edd80a9345'),
(69, 2, 5, '69597622-c9c7-43f5-b05a-558cd4022b2b'),
(70, 2, 5, 'a3a0e39a-9578-417f-8bcb-f6a3f4c2b4df'),
(71, 2, 8, '8ccd1a6d-8441-4849-b0dc-d2aa14e6400a'),
(72, 2, 8, '6e84d117-1df7-4f80-ab26-c16506ea2966'),
(73, 2, 5, 'b7d24b2a-4f8e-4b73-af37-3273a240139d'),
(74, 2, 8, '6ca5cc33-f75d-45c7-83ab-96f8cc6b2df8'),
(75, 2, 5, 'a1cbd8a4-2424-4114-9070-5b745d62bc4e'),
(76, 2, 5, '1763869a-4245-4118-a6a7-815ba8e62650'),
(77, 2, 5, 'c2a4994c-3dcd-405f-a3ed-adf2326daab7'),
(78, 2, 5, '0311b0ad-4e1a-42c0-95ea-29b7e4d4bba6'),
(79, 2, 5, '463bc1e8-14fe-45d7-89e7-398a61110547'),
(80, 2, 5, 'ab4919d0-1dae-4fc1-80f5-c5c0e4586461'),
(81, 2, 8, 'f77a9f16-6882-4344-b7ac-0202f28b4a2c'),
(82, 2, 5, '94760b7b-dc46-483d-b629-762e09c2d6e4'),
(83, 2, 5, 'e7aabdbc-4192-4f96-8951-093347bb7a15'),
(84, 2, 5, '4da481ae-a839-4c5d-b405-2381ec9e75d8'),
(85, 2, 5, 'fdbc5a37-2422-4d36-9e44-9e6e99abda24'),
(86, 2, 5, '320e5a43-124a-4b02-8c95-5a64b03c96f2'),
(87, 2, 5, '27114eec-2c7d-4ba7-afd6-ae03618878c8'),
(88, 2, 5, '2cebf98a-eaf9-4804-b8ee-96b9795a9b9f'),
(89, 2, 8, 'd14edda7-f086-4741-9a77-8fcb196425da'),
(90, 2, 5, '21466141-3acc-4566-a33f-032c0a8aa5ab'),
(91, 2, 6, '9dd0e5ef-b5e0-4de4-b5bf-766e182b6656'),
(92, 2, 6, '049c00d0-cc73-4866-931d-a8b32ea00442'),
(93, 2, 5, '5c4d2d21-a76a-4e7b-8f06-268a99cfd0ba'),
(94, 2, 5, 'e29dd69a-241e-48a2-babe-6342748fbb29'),
(95, 2, 5, 'd4f23b22-940b-4d27-82f7-b80b616fef46'),
(96, 2, 5, '1960bc43-a0fe-4203-b8ba-d4be8567d0db'),
(97, 2, 5, 'b9e28c60-6a18-473d-b4fd-e34747befdeb'),
(98, 2, 5, '7b542ff3-6721-4518-b822-a4847559505b'),
(99, 2, 5, 'b00c0651-5597-4968-9531-4274022ff24d'),
(100, 2, 5, '6a6b7bff-5a50-46aa-a0ae-2c7c7a2a49b5'),
(101, 2, 5, '760268f0-e789-4652-ad37-e86e5e5f7334'),
(102, 2, 5, '82fabcfa-7432-4b48-ac82-9d2b60f349dc'),
(103, 2, 6, '47a4ecfd-ce3f-400f-b63c-9848d9671020'),
(104, 2, 5, '40d65015-8550-4d7f-842c-88fb64864b9b'),
(105, 2, 8, '682f3b48-74c8-46af-93b8-eaccef37c94d'),
(106, 2, 5, '775a587b-3241-406e-a873-74db6c16d0d2'),
(107, 2, 5, 'bef2ebea-f536-46d3-922f-b2c488e45d74'),
(108, 2, 7, 'f9c07af1-9639-4751-bb20-7fd8650a401f'),
(109, 2, 6, '2bb94775-9e7c-4a6c-9cae-9dba41268269'),
(110, 2, 5, '58461ba7-e34c-4a19-8b95-36683415715e'),
(111, 2, 5, '45216cac-3b67-4004-86f9-ad8d865fb41f'),
(112, 2, 5, '80945b03-8d03-4925-9f2a-60509dd99cd9'),
(113, 2, 6, '0be48192-ba81-4df6-a929-3c9ae5627126'),
(114, 2, 5, '2e1a87e6-a555-4475-8dad-025dfb5e8fcf'),
(115, 2, 5, '1e356747-31bf-4e0d-ba6c-db7b9af5d101'),
(116, 2, 7, '4c1d506f-4579-4092-8d35-eb63799a47da'),
(117, 2, 6, '661e7796-a4dd-4d72-b5c4-a1cb360ffe35'),
(118, 2, 5, 'e86c2460-bca6-45c6-ba69-fbfe721fb3ba'),
(119, 2, 5, 'ee07ac19-4238-41d5-8c60-490d5efef2a4'),
(120, 3, 9, '09cc5da7-91a6-47c9-99ab-70cb65103ded'),
(121, 3, 9, 'd7a852dd-1d8e-429e-aeab-83c4b4a43889'),
(122, 3, 9, '5370f264-cae3-4421-b9d9-ab7e68f3f0f2'),
(123, 3, 9, 'd80e51b5-2093-4bd4-bb05-feb1d7a099a0'),
(124, 3, 9, '4d33e150-007c-4765-8e4f-e732281bbea1'),
(125, 3, 10, '91ddcd68-cfac-4737-9253-f5bae0716b88'),
(126, 3, 9, '6432b168-eba8-4279-b19d-721ed938ed24'),
(127, 3, 11, 'f921ae1c-084d-449a-80f6-c4b968c6b136'),
(128, 3, 10, 'b5c3fc84-f66f-4e62-ad25-230c7e4a09fa'),
(129, 3, 9, '6e7913eb-6a9d-4cdd-ae50-4a167c422568'),
(130, 3, 9, '852131ae-c9e2-4c81-9f52-e23ae0680a4e'),
(131, 3, 9, 'a68ab381-d554-4198-85a2-43143e1b02ae'),
(132, 3, 9, '4552999a-43c1-4653-bbd0-8b43fd3d2410'),
(133, 3, 9, '7520b2c1-35d8-4921-998e-10ab45a984f1'),
(134, 3, 11, '3287d319-7db6-4c18-97f1-f2fcebf68402'),
(135, 3, 9, '4983c1cc-0f25-42cd-b469-c71b045fc5ce'),
(136, 3, 9, '2d12872e-6337-4f2f-bf65-e59395bb6ff8'),
(137, 3, 12, 'acccd094-e129-4ed4-b43c-6bfbe86fce2c'),
(138, 3, 9, 'cf22a0a2-fc6d-4074-b990-52f0f56063c1'),
(139, 3, 12, 'b2a1a691-b23e-45de-866a-bf477ff0851a'),
(140, 3, 9, '722fcda2-b739-4c27-97d5-a4f92cea853f'),
(141, 3, 12, '398fdd0b-6620-4b68-bf41-fd95e70342b1'),
(142, 3, 9, 'ea084b38-3cee-47fa-811c-70c23963fae2'),
(143, 3, 9, '56084090-6528-4f25-a28f-685dbdad4887'),
(144, 3, 12, '4bbb93c5-1b65-4262-af41-881067d5d949'),
(145, 3, 10, 'b6f557b5-9eda-4493-95f9-e263d2d80312'),
(146, 3, 9, '36df0e52-d1eb-4fd9-9fb6-f5205e0b4d31'),
(147, 3, 9, 'f9610d87-ede7-45a5-8725-96867c4f7cf1'),
(148, 3, 10, 'ee38b554-63fd-4cc5-b056-212e971ac4e3'),
(149, 3, 12, '2ab423a5-a4e5-4b5e-8e45-a1ade05622fc'),
(150, 3, 10, '60fce252-a786-45b1-b175-2fd17c28d806'),
(151, 3, 9, '1ab5185a-9495-45f1-8105-9d3750238399'),
(152, 3, 11, '2d290e8b-de5e-4c68-85ec-84f7522f4ead'),
(153, 3, 12, 'e34790b4-8317-4e2d-a136-a8d5e7923d77'),
(154, 3, 9, '032944a6-340b-4924-9988-b68b1ef4f60c'),
(155, 3, 9, 'c00db93d-acf2-4d00-a20f-f1d36ec638df'),
(156, 3, 9, '24fa4b81-06f5-4cdf-af7c-7eac60b75dab'),
(157, 3, 9, '9e11dadb-0aa8-4523-bfe0-e305f5a7c1cd'),
(158, 3, 9, '83a58ef8-1374-4a60-8172-654078cf7107'),
(159, 3, 12, '591f9df4-b3ca-4a21-b67f-1a4c895bc42f'),
(160, 3, 10, '6f3b1d14-1f6b-480d-9e8c-b1950cfcc32a'),
(161, 3, 10, '1557bb92-6f3e-4000-abe7-0726d193ad41'),
(162, 3, 12, 'dde6bc1d-1cd6-4652-b3de-1d25028ace3d'),
(163, 3, 9, '1e48711b-744b-4f1f-bb31-7177b1eb33e3'),
(164, 3, 10, 'c78c52c7-7471-4226-b0b9-c488054a76cc'),
(165, 3, 12, 'ab7fff00-0ce9-4d54-a77e-57a7050d2e78'),
(166, 3, 9, 'b47b6a3f-526b-41ab-a20f-a6db713f9ecc'),
(167, 3, 10, 'f8b65c46-cbac-48f2-ba5f-1dd1b6a7f7ab'),
(168, 3, 12, 'faa52dbb-ca82-4964-85b3-0c6239ef6605'),
(169, 3, 11, '340eee68-8a15-4254-a274-85b427dd1f36'),
(170, 3, 9, '4c56b4bc-4d67-43ac-b126-3d2f37d45c5d'),
(171, 3, 12, 'b6d5ce45-62b9-40dd-ac14-31d5631fd0a3'),
(172, 3, 9, '48caa30a-cdce-4111-a27b-adb451fe7baf'),
(173, 3, 9, '4e0ebe5f-38fb-4cf5-9172-6f926b786673'),
(174, 3, 12, 'c2b3b9d1-272c-43ac-b719-f01615471cf1'),
(175, 3, 9, '615d5eea-1da1-441c-bd66-804e67768d05'),
(176, 3, 9, '9d4d1149-5712-4cea-b365-92d12dd0f769'),
(177, 3, 9, '94d884b4-8ac8-4538-a98d-7c46eb03351c'),
(178, 3, 12, '6d4e27a5-161b-40a9-9fd7-cf6cbd447f74'),
(179, 3, 9, 'e9a554f0-9fb7-44f1-82c3-435544c3583f'),
(180, 3, 9, 'dff8aef8-a479-42dd-8d5e-9a5030c788ff'),
(181, 3, 10, '936f8cdb-b897-450d-b9b8-80ad58c9604b'),
(182, 3, 9, '1a5db95a-1aee-4437-8339-f9d5f4bc79ae'),
(183, 3, 9, '06768379-c18a-4c02-85ee-dac7198cf74d'),
(184, 3, 12, '2f3bbee8-b900-48c3-8555-22be91a7a7d4'),
(185, 3, 9, '44c3370d-9a32-4aab-8bad-9d48afabddec'),
(186, 3, 10, 'acd05553-8502-4f4b-ab37-e849562ee9ed'),
(187, 3, 9, 'd1ad37b7-9ad5-4acf-b482-040803b85afe'),
(188, 3, 11, 'ef13aea4-718c-4c6a-8932-7c18d6473997'),
(189, 3, 11, 'e37b4af1-5eb6-4e85-8f2d-74220fb39773'),
(190, 3, 9, '7648205a-70ce-464f-ad64-b50ac3476cac'),
(191, 3, 9, 'aaa44db1-6e73-4ef6-bd72-4a227f16ce9c'),
(192, 3, 9, '0833adb4-7999-450e-acaf-76735253942d'),
(193, 4, 13, 'c941829a-5b27-45c2-a8e0-223ca1065680'),
(194, 4, 15, '009dfc84-3c52-4d85-93bc-46451e881295'),
(195, 4, 14, '10b63e84-39ec-439d-ac60-24cabad12a6b'),
(196, 4, 13, '117b50f6-7f4b-497d-85a1-cc7c0cd4d143'),
(197, 4, 13, 'e3f41074-59be-47ec-8208-dfba2611b382'),
(198, 4, 15, '985cff16-8d8e-4410-840c-386774116f93'),
(199, 4, 14, 'ec337b6d-c901-4944-8f53-35902591ade3'),
(200, 4, 13, 'c81cf0ff-411b-45d2-80d9-9f4d22519bca'),
(201, 4, 14, 'e4283a5d-af98-4a6c-9caf-3c4af5646ba3'),
(202, 4, 13, '29191bb2-efc0-4121-a399-ee245bdb77bb'),
(203, 4, 13, '7da427cf-3df9-4c2a-8d06-3ef81e4c8ed4'),
(204, 4, 13, '200ee511-9a0c-4d6a-91cc-bedf104cb46a'),
(205, 4, 13, 'f8f83480-97e6-47e0-99db-7226c58c3133'),
(206, 4, 13, 'd24461d7-06d0-4679-8e88-8d3213a5da86'),
(207, 4, 14, '1b4792c2-28a4-4450-b278-71aa73030070'),
(208, 4, 13, '6bc56db5-4909-4eb7-9171-08e0cbefb4d7'),
(209, 4, 14, '1ec2c142-ba5c-4f79-9a21-2fd17e643e1f'),
(210, 4, 14, '63ebcbb7-0e87-4b1b-90e8-7d4c377de5c2'),
(211, 4, 13, '4a1d2494-b590-4d2d-b7bc-9114c45ac9e1'),
(212, 4, 13, '6308fbfc-a1bb-473f-84b8-b08b1aa45893'),
(213, 4, 13, '56dea5d8-ac4c-47a5-824a-54c0c6cd388d'),
(214, 4, 14, '7bad2488-c5ec-4d7f-ab23-9ce6fb278fca'),
(215, 4, 14, '0c736701-876a-47a4-a66b-811b3e29f4cf'),
(216, 4, 13, '648835f4-2a4f-4792-96d1-db7d5743f22a'),
(217, 4, 16, 'baaddc66-0be9-4d4e-be92-c632eb4632f5'),
(218, 4, 13, '2ff34ebc-82d6-4902-a1e6-67ff715a7320'),
(219, 4, 13, 'cfc67fe4-b4ec-4272-af46-084990004ea1'),
(220, 4, 13, '4321ddc6-797d-4e32-9dd9-f142814779f7'),
(221, 4, 16, 'd7b1ea09-207b-43e1-b6d9-a518a92d4952'),
(222, 4, 13, '5b1ab4be-3105-4a7a-b0f1-44538a158ef8'),
(223, 4, 16, '86cc0d9b-0c71-4c6c-ab94-3ac254bf7b4c'),
(224, 4, 16, '13344b66-4c9d-4fab-88a6-c6aedadf7cbd'),
(225, 4, 13, '737f1729-c916-4a6d-99c8-44745def8771'),
(226, 4, 13, '586309e9-6237-4796-8489-eba38b3d798e'),
(227, 4, 15, '5a4a2ad1-bd77-41db-97d6-90a5325757fd'),
(228, 4, 13, '805ae649-85d0-4a5f-a3e5-d1b43c041107'),
(229, 4, 13, 'b820301d-44c6-46e6-b89f-540dce1777f0'),
(230, 4, 14, '001909ad-cc20-41d9-8343-72131e4383d7'),
(231, 4, 14, 'd6084a67-c09b-44b0-ae11-40adb53baf2a'),
(232, 4, 16, '1250f7d6-a893-48f1-b42c-23b2f2e36b56'),
(233, 4, 16, '24ba9632-7483-43c1-b2d7-830d72a33864'),
(234, 4, 13, '6e9ea5c3-aeff-4f00-8d0c-4dea8bdb4bf5'),
(235, 4, 13, 'e137f770-d0a2-496d-9ef4-72e61fca3652'),
(236, 5, 20, 'baf4e5fd-fade-4c66-96a2-f261803b091c'),
(237, 5, 17, 'c8a50b1a-e7dd-4195-8504-8279dd3524b7'),
(238, 5, 17, '4f086b37-0f9f-4554-bb2f-a37523874af0'),
(239, 5, 17, '5ea30970-6565-413f-81d9-71838655d1b4'),
(240, 5, 17, 'f31e8594-fbe5-44be-a77d-871fe5d65d89'),
(241, 5, 19, 'd8255578-a1f9-4bf4-a2d4-e1a907302b18'),
(242, 5, 19, '911d15bd-2af3-42a8-9a0e-c42537e54eba'),
(243, 5, 17, 'ae0ab67f-8848-47e1-8330-0a9b3701c83f'),
(244, 5, 18, '49029a0e-5b54-4051-acf5-4a9adeb8b70e'),
(245, 5, 20, '5fd965e4-4ba4-4b3a-9ff2-e70c54e6c246'),
(246, 5, 18, '9ac7dfe2-5946-44f6-a5d7-a8f750c74ba0'),
(247, 5, 17, '1634aba1-d563-4854-bd13-50760b39415d'),
(248, 5, 17, 'b0bb92fa-1387-4ec2-a4bc-257840445b1c'),
(249, 5, 20, 'd5a1982c-7a5b-40b7-ac2b-6ebb7d6bd52e'),
(250, 5, 20, 'c09abbdf-2720-435c-be89-1d3bc89bb8dd'),
(251, 5, 19, '43aa8c74-b823-4024-a3f4-773e6e8f6d9b'),
(252, 5, 19, 'cf2f43f6-faef-4896-a62c-5c73d1bb4af4'),
(253, 5, 17, '84218981-68b1-4ec1-98ae-17d03ee90192'),
(254, 5, 17, '4a587dab-1d80-4bb3-a308-93298a82a9de'),
(255, 5, 18, 'd7de0266-7e83-4241-beee-7f8e3388fa1a'),
(256, 5, 17, '6a19e600-7d8f-46f0-95c3-8ea28a46de77'),
(257, 5, 19, '7db59967-4189-4422-9bf9-e0b25b3dc5ac'),
(258, 5, 17, '63f4d6cc-bcf6-4348-8330-5b64b789b80f'),
(259, 5, 17, '547c4ccc-4c63-4c2f-89d8-2c2ee3c6cd10'),
(260, 5, 17, 'd2c888c2-20c0-4dcf-89a4-b2a1bd061a00'),
(261, 5, 17, '23cfedc1-0956-4a6f-9e5f-04f011f52c09'),
(262, 5, 19, '8a4b6752-0c7b-477f-b60e-192c9a11fc77'),
(263, 5, 17, '3b014b9e-795f-49f3-9984-c9e35ff98ec0'),
(264, 5, 17, '6ad4dd89-4900-411a-a0c5-8ae75bf42741'),
(265, 5, 18, 'b1288721-a4f0-493c-bc69-59d6b73f9d32'),
(266, 5, 17, 'd0ca76eb-2c89-43c2-8782-c9eb49c2802f'),
(267, 5, 20, '64fd75df-6450-4dab-9ab3-b438107d6af9'),
(268, 5, 19, '60ca7fb7-0c93-446d-b8aa-b2118d5215ab'),
(269, 5, 17, '3b51ce2f-d88a-4c69-88ae-7151788fc5a7'),
(270, 5, 17, '4c5834cb-72e6-47af-82cc-3a9501d9b13f'),
(271, 5, 19, '6643a30b-4e40-4c5f-86cb-5c076715951b'),
(272, 5, 17, '5f1eb12f-1265-4930-8ec7-2429631db098'),
(273, 5, 17, 'bdf69d87-8b01-4d5e-a718-77a515f27c21'),
(274, 5, 17, 'f2c1458b-ed5a-4f2f-a2f6-e6f71508a22f'),
(275, 5, 17, '39a87edf-16f3-4a79-a011-5097124eae16'),
(276, 5, 17, '90b2ca13-0b98-4150-b918-3d964723a940'),
(277, 5, 17, '33087e75-6c27-4d15-992f-7998daf8e074'),
(278, 5, 18, '5f7828ce-e305-4878-a609-a838c18af701'),
(279, 5, 20, '9a739b6c-626f-41f1-a967-2cd3364f81c4'),
(280, 5, 17, '5eca9172-b9e8-4e5c-92ac-19afe9b40d13'),
(281, 5, 18, 'b59e5d11-482a-49a7-83e9-f6519ae9b663'),
(282, 5, 20, '7d3aa505-b85a-4d9b-8d23-66a01408e478'),
(283, 5, 20, '6c65860c-acd6-49ee-9c8e-1675dd7b8e9d'),
(284, 5, 19, 'd0a32b12-3a26-4730-9a73-60ef45570167'),
(285, 5, 17, '96b1b8ba-16e6-4fd5-acea-67ac84adb827'),
(286, 5, 17, '1b5b994c-9856-4cba-a6b9-ed45aeff52e2'),
(287, 5, 18, '20f27237-54ae-4951-822c-fc35b2075a7c'),
(288, 5, 17, '677bc03d-42e5-4ff2-9fa4-45a7cf239ab3'),
(289, 5, 17, '449f7754-6e5d-4a18-bc12-623af8c4f6a5'),
(290, 5, 17, '6bff5099-de77-4b5d-9152-7306a180c911'),
(291, 5, 19, '10f8b555-9149-4fa9-9a5c-1baaa68d6703'),
(292, 5, 17, '79e1e0b1-07cb-4533-ba66-a5e46a34b273'),
(293, 5, 17, '37b3351a-52c9-4be1-a588-5835f90602bb'),
(294, 5, 17, 'ebb3d947-c2d4-48b3-8e37-f0d172e38cca'),
(295, 5, 17, 'bd046c6b-9666-4430-b61e-cbdc7695ea35'),
(296, 5, 17, 'a5d18c70-ab8b-41a7-99e1-7eaacc8d0619'),
(297, 5, 17, '4045ec18-5561-4dbf-b442-2b6edcfc499d'),
(298, 5, 17, 'f38d601f-feda-4dd3-b324-c3638d6beb44'),
(299, 5, 17, '54e61d98-cc45-4ce2-ad89-74c8dd33955c'),
(300, 5, 19, '19edf409-14b8-45cf-bb01-d0e77c809497'),
(301, 5, 18, '8082838f-9d6a-4210-a4a0-977e652cc622'),
(302, 5, 17, '9f00b120-1388-4b0b-8ab3-b66ed6b8bd78'),
(303, 5, 19, '06828ea8-bd85-4f54-9895-7ba554abd386'),
(304, 5, 19, 'f9c56048-397e-439e-9456-f3cd2e79dbb8'),
(305, 5, 18, '704ef4e1-f27c-4386-82b4-927d632415c9'),
(306, 5, 19, '94062072-d86b-4a61-99a1-bf28bea8a2dd'),
(307, 5, 20, '2bd40d17-ad30-4747-88c8-1885aefb6f55'),
(308, 5, 17, '749e6534-af1e-45f9-a2f3-96af43135cc1'),
(309, 5, 20, '3410e2fd-96a0-4dae-b4c6-14681ab4e250'),
(310, 5, 19, 'b5bf3b6f-18a4-4596-aa65-45e78b6a4315'),
(311, 5, 17, '5ca5f7db-77a6-4e82-baf3-5138fa2ed881'),
(312, 5, 17, '3c1e24b3-6cc1-4577-839b-83362e1c25cb'),
(313, 5, 19, 'cdcd1a8a-d57e-42b6-93e3-feefb424c5e5'),
(314, 5, 18, 'f08066b1-7251-49d6-8f34-c5932842569b'),
(315, 5, 17, '6095a88e-472a-43ab-9160-a2cd417c5197'),
(316, 6, 23, 'f474ad8e-008a-4b55-ac19-6e1acffb4b3d'),
(317, 6, 21, 'aef0b40e-1ea0-457b-8c3b-7f9f1db87c89'),
(318, 6, 21, 'a042396f-3797-4465-a2f4-91f4284c651d'),
(319, 6, 21, 'a2b9efdf-66c8-423f-a3c7-14d6597f0ca4'),
(320, 6, 24, 'b224e668-25de-44bb-b921-1af1ea9b20f7'),
(321, 6, 21, '18687766-bb29-4390-9317-a9289cec8ed1'),
(322, 6, 21, 'fef4952a-cf95-435e-b551-bb8c745f45be'),
(323, 6, 21, '0f5dc48e-c4ce-4f56-8041-79bc11fbd11f'),
(324, 6, 24, '690b62d4-bce3-4ed1-b08a-0c7f243ea1d5'),
(325, 6, 22, 'd34daf83-30b2-4795-9a95-65c4243d6ea9'),
(326, 6, 21, '12729dae-cd65-4d7f-812b-c272d7f42fb4'),
(327, 6, 21, 'c1d32a0b-e23e-42aa-98f4-85d20cf00072'),
(328, 6, 24, '8c92bc6d-0515-4a0b-8bf0-a1cb32810649'),
(329, 6, 21, '017c489b-0d8e-4665-a157-b910e6029736'),
(330, 6, 21, 'ae27f288-3410-4600-98c4-355c5b92f26f'),
(331, 6, 24, 'f21e1805-6acd-48df-8987-d2a2fc251641'),
(332, 6, 23, '08154863-57dd-4f86-a52e-aed0cc898cb5'),
(333, 6, 22, '015bd7ce-b48e-435d-ad8c-ab900c4057db'),
(334, 6, 23, '3dbfd802-3fc7-4bf4-b26c-5c99ab528d0b'),
(335, 6, 22, 'e2f5470d-5e03-4ed5-8473-1d2b23469490'),
(336, 6, 24, '44d4a137-c4ec-41c8-8b21-ce83c3acf66b'),
(337, 6, 21, '278fbb3a-0dd7-41b5-ae86-8b5a2ba58505'),
(338, 6, 21, 'e2bfe8c2-19bb-48be-87ec-0a10b01352e2'),
(339, 6, 21, 'e5250c14-b190-4e5d-ada2-0b9c04c4814e'),
(340, 6, 21, '0a7be82f-5119-4a40-b80e-af59a0d32d1e'),
(341, 6, 21, '47d63a03-6b57-4bb1-bae4-80d3d37810f5'),
(342, 6, 21, '86aaa4b6-7f0d-416f-8a85-e708e8676b84'),
(343, 6, 22, '8defd205-3127-4274-8252-88862ce5760f'),
(344, 6, 21, '993f40bb-bfd3-474f-98e7-bf4e25bd0ab2'),
(345, 6, 21, '6c7f95bc-dd07-4e75-b88b-38b41402acfa'),
(346, 6, 21, '58383eda-e51e-4499-91a5-1dd8cc41c08e'),
(347, 6, 21, '34b75ad8-44b1-4cc6-a639-6232d8a1cb0c'),
(348, 7, 25, 'c2926233-287f-40a8-b938-a54823020218'),
(349, 7, 25, 'ec80b5c8-1a11-40a8-a007-68cc5115923a'),
(350, 7, 28, '1a79d40a-0338-4be0-b8fb-712c12a98961'),
(351, 7, 26, '011d5625-80d5-43c3-80c6-820d27ee4487'),
(352, 7, 25, '2a79366e-a219-49f8-949d-8350b1668cc1'),
(353, 7, 25, '2a81c889-1d01-4640-b4b4-06697c44b916'),
(354, 7, 28, '87ea3a67-96d6-4035-88cd-d8e480d8aeb3'),
(355, 7, 25, '0be9e98c-a583-48a5-8bce-d95dd493b5e5'),
(356, 7, 25, 'dc5eab5d-807b-408a-aae2-47c8890c03dd'),
(357, 7, 25, 'ef40255f-7933-4d1c-8093-4dc9f1cc1fa4'),
(358, 7, 25, '5d7a7fa2-d6ac-46b7-b1bc-180d0dbbab90'),
(359, 7, 27, '48b1b0fc-3da9-4c59-85e6-777305010257'),
(360, 7, 26, '41b3d462-d4e4-4d71-ab2e-620329f7d6e2'),
(361, 7, 25, 'f39de710-b951-4dfb-a411-e189e0b8a597'),
(362, 7, 25, '54973a0a-0caa-45b2-b692-f5529ceee6a3'),
(363, 7, 27, '653242f8-0851-49ae-8f2f-0ccce182e2ba'),
(364, 7, 25, '51502912-47b0-49e5-b614-b7fdf2d85816'),
(365, 7, 26, 'b2bacc54-e73b-4e24-8479-6e57a3fd4e00'),
(366, 7, 25, 'fc983f52-e84c-4d0c-9c0d-e7d8b7ed5d99'),
(367, 7, 28, '1ab51673-257a-45de-adf3-fdee1e6aff10'),
(368, 7, 27, '3a3de9dc-125c-487a-84c5-89b2a4a67f3f'),
(369, 7, 25, '1cd882d2-8188-4a21-8a2f-425e7afd768f'),
(370, 7, 25, '067dd1f6-7641-4198-afa3-0303659b29e6'),
(371, 7, 25, 'db19f873-7d34-4292-969e-d3139b8b04bc'),
(372, 7, 26, '28d37fe5-47a6-42a9-9c28-fee2a21a4937'),
(373, 7, 25, '82ca316e-a93b-42fb-84c6-35d590974072'),
(374, 7, 28, '95e9a22d-ef0e-4398-a51c-6a8f5ab4e936'),
(375, 7, 25, 'd7a03f09-7bb1-4990-a644-0abc31ebf8ff'),
(376, 7, 25, '3c9e15f3-cdcd-464c-9e7f-1564d7891a96'),
(377, 7, 26, '1cd945a2-8e70-4a86-9d2c-aab87e810b87'),
(378, 7, 28, '4acac5ea-7249-40d2-9968-e19411b3e93f'),
(379, 7, 25, '3b4e7e37-e490-4da7-aa9b-d9a59b5d6495'),
(380, 7, 25, '20b6bd3b-df22-4acd-b5bb-044d49c3285f'),
(381, 7, 28, '9da99d2c-00d4-4591-af5d-1b63cca8e6bd'),
(382, 7, 25, 'e34dd72e-d0da-4cde-a677-61696d5c687f'),
(383, 7, 27, 'aa2ef20f-5412-479e-b1aa-61c605fb18a7'),
(384, 7, 25, 'b6986d7c-0c13-4f94-a03b-5a3718baed6e'),
(385, 7, 25, 'f1d26121-d195-4166-bc24-bf2514f2ced7'),
(386, 7, 26, '49a62ed0-8f8d-427b-b5b2-8d428491ec89'),
(387, 7, 27, 'f8b5c512-d887-4cdb-ae27-420f57ced34a'),
(388, 7, 25, '1af6cf05-e7d9-411c-a421-8f4e7228121c'),
(389, 7, 28, 'd8f863fd-0678-443f-9491-252c4544c05f'),
(390, 7, 25, 'ce07e48e-ca20-466b-99a3-cac050af4e85'),
(391, 7, 27, '300a9503-bc8b-4291-ae35-a86ad15a0a39'),
(392, 7, 25, '6dd5fdc1-13b5-4efd-884f-8b27e8b20dbf'),
(393, 7, 25, '9775fa30-4ad0-42ef-b570-591e6d87cab6'),
(394, 7, 25, '7e11b132-fba3-4842-95d4-b82cccce2897'),
(395, 7, 25, 'e68ab6a3-5558-4e57-ad72-383f89a23970'),
(396, 7, 28, 'f074195d-be54-42a1-bc9e-c4b4e09112f9'),
(397, 7, 25, '61caed38-a9fa-487e-b4ad-9a68205b80c2'),
(398, 7, 25, '5eb2f90e-85b3-4bae-b199-7c0840b503dd'),
(399, 7, 26, '293eca60-13bf-4704-adf2-86a02e4ad6d0'),
(400, 7, 28, 'e12b2de8-1f1a-4656-8b84-d69ebbc6a2b9'),
(401, 7, 25, '0cd74147-c218-4eb2-8ae8-7f61879ae4e9'),
(402, 7, 25, '69a90cfd-fb6d-4d58-8cda-87d803b8a639'),
(403, 7, 26, 'a717456e-6696-4a2e-bf0c-459bec650cf8'),
(404, 7, 25, '1200f662-fb7d-4340-81a8-8851bc30575b'),
(405, 8, 29, '55099fc9-33f6-4c81-b057-64bb27995478'),
(406, 8, 29, 'b972148b-ccdc-412a-86a6-07cf0e67d658'),
(407, 8, 29, '05ddd7c6-697b-4305-b90d-36327d73076f'),
(408, 8, 30, 'be18000a-4490-4751-af1b-fa66c56b20d3'),
(409, 8, 29, '2b7561ac-8ef4-4e00-9b50-049cac26e943'),
(410, 8, 29, '62870411-1b3d-4b71-ba10-386465e5d241'),
(411, 8, 31, '3fe41d82-f93e-4f13-a8a2-04513837e980'),
(412, 8, 29, 'a16d4dfd-b3a6-485c-911d-60c2b266ab17'),
(413, 8, 29, '5101a421-26ec-4674-a297-5a11bcb86d31'),
(414, 8, 29, '735f43d0-6003-489e-9350-91b7a5292173'),
(415, 8, 30, 'c2858c1f-4d32-4399-a1e5-fc77a1562f1b'),
(416, 8, 30, 'b50278e5-34fb-4dd6-ae0b-62c7edbbe049'),
(417, 8, 29, '9c719e55-4537-4e13-97b9-1d3b7fd8b74d'),
(418, 8, 29, '8775615a-0810-4b13-addc-6aa821ffe365'),
(419, 8, 29, 'a64d8697-f242-4490-8b84-e6ab5e1ac831'),
(420, 8, 29, '39c2afee-0afa-42dd-9b85-9876b210cf68'),
(421, 8, 31, 'dae12ca8-2dbe-4b5c-ab4f-f79313012cde'),
(422, 8, 29, '552f3e93-bdfc-4fe0-b25d-8f0d975a2e5a'),
(423, 8, 30, '21b92312-a45b-425b-a79e-ac2eb356d50d'),
(424, 8, 29, 'bc6af5ce-2efe-4caa-b21c-3eaab1588819'),
(425, 8, 30, '0b29c21e-405e-4eb0-a6fb-b8b6f84ed3ad'),
(426, 8, 29, '894ee13c-a146-4e52-843c-134795025106'),
(427, 8, 30, 'ab7ae96f-799a-4782-a512-c36bbb71edad'),
(428, 8, 30, '36fbf0a8-de99-472e-9104-5f0a3b410fa8'),
(429, 8, 29, '45b58a85-f4fc-4d13-be51-469b3ee6e9a0'),
(430, 8, 29, 'dd109cdd-ef7b-4f16-8202-7e49dc4f7452'),
(431, 8, 29, '4ce81bfb-0500-430d-87dc-570e46f53fb5'),
(432, 8, 32, 'e3b54c7c-071e-41f9-a6af-27c5be6b8416'),
(433, 8, 29, 'd83bec11-2d6f-4514-ad43-086142811c3b'),
(434, 8, 29, 'a8fce1ce-4c63-4a04-abf6-6ffb29ebc69d'),
(435, 8, 30, 'cdc2370d-5af2-4655-b6b4-fdd8e32b54c1'),
(436, 8, 29, '71242f03-dab3-4528-8082-30791b51571c'),
(437, 8, 32, 'f1d0c5de-6bac-4a46-b103-f89a51880b9d'),
(438, 8, 30, 'e623c681-27c6-4e52-83ef-b8905afb31b7'),
(439, 8, 29, '0a0b4a8b-1fd7-468b-a6fa-c1b2c3f53522'),
(440, 8, 29, '0150b3db-5e26-4959-8a18-9dc91a5fccc2'),
(441, 8, 32, '5a9dc1eb-e230-4614-90cb-34947b3e8274'),
(442, 8, 29, 'df275c5a-e03e-4b5e-844d-a0870c284193'),
(443, 8, 29, '14a16bec-698a-4e57-8c93-ad489bebed0b'),
(444, 8, 31, '66d28321-b0d2-433a-a808-2ad45fac76ca'),
(445, 8, 29, 'db373e72-95ea-4672-8201-d42416602588'),
(446, 8, 29, '47cbc40c-61d4-4105-996e-f8d34a7bb8f6'),
(447, 8, 29, 'f5176ad5-f103-4b3a-b4da-c0e8130d6efc'),
(448, 8, 31, '83cf359d-9ee0-419d-9f41-1d0ad62e43db'),
(449, 8, 32, 'f485ed06-a1f3-4f33-a728-3dfa9a510782'),
(450, 8, 30, '24175820-c97c-44a7-b3f1-4924c2d6c859'),
(451, 8, 29, '07a0cced-52cb-4311-aa87-99d6a8a825d7'),
(452, 8, 29, 'ae12c3c1-72dc-457d-bf16-8026207b5edd'),
(453, 8, 31, '261960dd-a5eb-4737-9f8f-976445ed111e'),
(454, 8, 31, 'a088eeda-952b-437e-923e-befd0e758b8b'),
(455, 8, 30, '1fd207e4-b263-4e2a-99ef-ff80273796f6'),
(456, 8, 30, '727a8722-9a2b-4655-9dfb-2ca5c71172cb'),
(457, 8, 32, 'b5919980-9aab-4b1f-9ef0-c94062247314'),
(458, 8, 29, '56f3ac74-e5d8-4d3d-9779-a917effe598c'),
(459, 8, 29, '43bf13d4-34dd-496d-821d-fb178cb26102'),
(460, 8, 29, '573ffe51-a264-4227-82bb-8d8547ab0cde'),
(461, 8, 29, 'd3b25209-4676-4ecf-87ca-12e82b713ac6'),
(462, 8, 32, '3e75b5a0-c841-43ab-b182-5ba8a13a1909'),
(463, 8, 29, '0d799c2f-83e8-415c-8a26-1651e1ad3696'),
(464, 8, 29, '0c2c7dbc-e55c-472f-97b4-7360031d0636'),
(465, 8, 29, 'a0f55e19-fa91-4fdd-a40c-dfbcd079501b'),
(466, 8, 29, '820a983f-7422-4d79-b4c3-74922b3dd2b8'),
(467, 8, 30, '16ad3149-b70e-48c3-bea9-c6288c55167e'),
(468, 8, 29, '6b77d025-5f54-4d74-bca2-8dde0d6c4583'),
(469, 8, 29, 'fa6b5200-e4ad-4431-953e-8707ab9c63e0'),
(470, 8, 29, 'bbbf7632-d2e8-489a-8703-4167b37808c5'),
(471, 8, 29, '93598f39-5f5d-4845-b7b9-0949817a2e7e'),
(472, 8, 29, 'fa8b54ff-476c-44a5-aca0-6b868ef4103d'),
(473, 8, 32, '40a5ce95-3fb3-4c59-bfdf-e2b659373049'),
(474, 8, 32, '84ae5b8c-f385-40d7-b07e-3f810366e1a1'),
(475, 8, 29, '64c97fed-1292-4e92-917f-19ce167b36db'),
(476, 8, 29, '63a30238-8bd2-4589-bf81-5d4f2e3041da'),
(477, 8, 31, 'ba94a2af-2e7c-4af6-8d9f-d460bd1af32e'),
(478, 8, 30, 'b107b53d-afd4-416e-8608-8d2c34f32f10'),
(479, 8, 29, '70978510-3ead-439f-bbb7-8d49dac98db7'),
(480, 8, 30, '34b0a679-1adb-4401-a335-3e7da2d1755a'),
(481, 9, 33, 'b239291d-6fea-4886-b2b6-7f6ddcc121a4'),
(482, 9, 33, '90a4d501-75f6-4db0-b4a7-4d1d75d27160'),
(483, 9, 33, '8284abad-09e7-44a0-98ea-7c6b5490da12'),
(484, 9, 34, '51976fc6-8389-4cb7-b2d4-3c3f989ff053'),
(485, 9, 33, '9af7b221-16f9-4883-bfb7-6c661016eeac'),
(486, 9, 33, '39c85cde-240c-4e2b-b568-bcbd0a2a1b73'),
(487, 9, 33, 'e5695810-c578-4d4f-b88b-57952b19b4ae'),
(488, 9, 33, '99a46209-2826-4b32-8467-d765a98f4b97'),
(489, 9, 33, '8e7afc63-909c-4f7a-ba31-f944e32d6a1c'),
(490, 9, 35, '186561d7-c2da-4d16-a735-c4c061baee97'),
(491, 9, 33, '7f6ae5d8-593f-4b2f-9ae5-f64f048712b5'),
(492, 9, 33, 'f190d35a-4e5f-4a22-8757-10cc0d4e2dc3'),
(493, 9, 34, '8862bb14-306f-427d-87f8-9b1ac30d7c27'),
(494, 9, 33, 'c0e46acf-e0b9-45bb-a0f7-43f8979f8c08'),
(495, 9, 34, '5ec30d33-0e33-4622-94bd-6a99551c7d1f'),
(496, 9, 35, '6ab3ea2c-54a0-4439-8e87-f1157811fa25'),
(497, 9, 33, 'c12f9437-78d3-4089-a6bb-9b85ee00c37a'),
(498, 9, 33, '300dbd81-7c65-4fdb-9c9d-87e99d999554'),
(499, 9, 36, '35181219-03ba-4b0b-b31a-ddc9bc8af63f'),
(500, 9, 33, 'e57b7002-2104-4db6-aabd-0607a280eafe'),
(501, 9, 33, '8d059f1e-542f-400f-9451-66c9582f4d5f'),
(502, 9, 36, 'a587e1d2-621c-4152-8ca2-8b4f8262e1ed'),
(503, 9, 33, '1c325c5f-f62d-4ecf-b3fe-23fa285d3c41'),
(504, 9, 33, '4c464ef7-54ab-4e31-a7d3-4615bdba03fa'),
(505, 9, 35, '13d8668c-6f95-41ff-92e1-e08be5f3ba80'),
(506, 9, 33, 'beb6acff-ebbc-4682-b8bb-d83f908bcb1b'),
(507, 9, 35, '7a876510-ffc1-4d64-a863-909bfba0fa67'),
(508, 9, 33, '432834ca-e935-4079-bcb2-65b0d12b8c8f'),
(509, 9, 33, '428a56c5-92e5-40e1-9674-54d7b3d812fe'),
(510, 9, 33, 'bcbc7719-8343-4105-8738-5d43cdbe5b43'),
(511, 9, 33, '61532769-860b-4f41-bd4b-90c434857e4d'),
(512, 9, 33, 'a00dfa6e-281f-44b2-b2cb-3b4a8f08a881'),
(513, 9, 33, '32268eeb-c7b9-44d5-9a2e-0bfc099e0343'),
(514, 9, 33, 'b5b47e1c-3314-4416-91d8-3d4d2f66ff94'),
(515, 9, 36, '499ebbc6-9a28-4f63-abe7-86a287cd7bf6'),
(516, 9, 35, '396ec4ba-f69f-4d1b-9fb5-f793ba20e97c'),
(517, 9, 33, 'd18a00b4-bc31-41e0-ab1a-5d260037b569'),
(518, 9, 35, '193d6ee5-1622-4d3a-bb18-8391974c6732'),
(519, 9, 33, 'c0e12495-2b4b-4035-8ab8-6f01f2cea538'),
(520, 9, 33, '3e017287-5292-44f6-aa2a-676868958a88'),
(521, 9, 33, 'f6482c6f-a822-4d0b-9dae-d72f811d6467'),
(522, 9, 33, 'c65d606c-54b4-4e33-a0f2-b70ac4562b07'),
(523, 9, 34, '0fd31814-29b2-4a77-85aa-1a1210feba54'),
(524, 9, 33, 'fa04c041-c040-46d2-a133-6a7a9a8113a3'),
(525, 9, 36, 'ff7e1bd1-090a-4348-80da-6f76fc0008dc'),
(526, 9, 35, '3b78ae6a-7775-4133-8ba7-49f7ee9ae012'),
(527, 9, 35, 'fac34c08-abbb-4d60-b9b2-a42a7f56fc61'),
(528, 9, 33, 'abe54bdb-4d13-434a-9326-82fbbda7073a'),
(529, 9, 33, 'e3a4f0a9-105b-43a5-a4d1-7819eb7a6902'),
(530, 9, 36, '7995d156-7224-445e-8bca-d9aa39e64795'),
(531, 9, 35, '642735bf-cac3-406e-b368-7e52154d5e1b'),
(532, 10, 40, '6fbe2723-6439-47bb-8809-af6bc23375e9'),
(533, 10, 38, '862d7f8a-fdea-41e0-b684-0ad1bdc692ae'),
(534, 10, 37, '0c9a45e2-8eda-4559-825a-8fdfdc62da78'),
(535, 10, 39, '1c64dd82-7b09-46cc-87d4-01ef3b3af668'),
(536, 10, 37, 'a6d05b51-c921-4476-aab7-e95b2ab85d5b'),
(537, 10, 38, '7ee8adf3-4598-43d9-ab98-fb839ba69d03'),
(538, 10, 39, 'dd8983da-7088-430f-a5b2-832d21bd3f9c'),
(539, 10, 37, '51e82ba5-0138-4c24-aa84-0ae8ccd93cd4'),
(540, 10, 37, '683cf14e-ea33-4024-8840-268145ec233f'),
(541, 10, 38, '8ed2b3c2-7a66-4b99-beac-acf686e74825'),
(542, 10, 37, '4dc6b0dd-1b15-450c-8d8c-37db008f323f'),
(543, 10, 38, '837abc7d-fafd-4c4c-89a9-bcbf60985482'),
(544, 10, 37, '93c3b94a-6303-441f-9641-683d44f29228'),
(545, 10, 38, 'c891e424-f737-46c5-b38d-8a010f2f45b3'),
(546, 10, 38, '615b1d11-650f-49b0-bbfc-ff13746a2486'),
(547, 10, 37, '48325e91-e1d2-437a-83f6-ba0d29665767'),
(548, 10, 40, '5258872d-5085-4079-b86c-a73ae4656075'),
(549, 10, 40, '7946e32e-0331-4944-a47b-b446ed20e5b9'),
(550, 10, 37, '8957177f-2a35-495a-b0c1-acca68b3676d'),
(551, 10, 38, '0de43e46-541b-4830-9f88-7afeca9e1813'),
(552, 10, 37, '9f3ce7cd-2d6e-4631-a71e-aff3d4b38eda'),
(553, 10, 38, '4ff9cbb5-8539-4ea2-b672-10c4a53e8dd3'),
(554, 10, 37, '274685c2-25b4-42c0-a5f0-9a20e1261bd5'),
(555, 10, 39, '78cb910b-caec-4fa7-9d42-3ea75e6461f0'),
(556, 10, 39, '6c3b0f5e-8dea-4b3d-9c04-b5651e224431'),
(557, 10, 37, '89be3f90-9053-45b8-b998-e4c233b77268'),
(558, 10, 37, 'abe7fd75-ebb4-4839-a65e-30dbb9e52e53'),
(559, 10, 37, 'a70a167f-8761-42b7-a99f-22b712ad60a9'),
(560, 10, 37, '0c11e4df-6be5-4512-a4d4-a17eb1544b8d'),
(561, 10, 39, 'a3cfc4e6-8a17-4faf-af42-a8bc1e8430de'),
(562, 10, 37, 'c773ab75-4e8e-4972-89fe-4c2b5a7bf81e'),
(563, 10, 37, '822af9c8-d7db-44f5-9760-5491242b7f63'),
(564, 10, 37, '1fc8ce92-dbb8-4b99-ad0b-0ae5c5f9e664'),
(565, 10, 40, 'a41cbe93-4803-4ab1-8568-e8f07c85b9d0'),
(566, 10, 40, '393cd4e5-e177-4c62-b81c-310083d38f87'),
(567, 10, 37, '0d675272-3d1a-428d-9171-082713ff730e'),
(568, 10, 37, 'fa8e6466-0c8c-474d-8075-59c4f6f42129'),
(569, 10, 40, '5914bf3d-3222-4bdc-821a-0014bcba71c5'),
(570, 10, 37, '399b7d45-d5dd-4c1f-9afa-a3036ff624fb'),
(571, 10, 37, '82fbfee8-0ba9-4244-8920-77b11bc43904'),
(572, 10, 37, '0f8a9c8b-f7ae-47d8-95dd-54eac7616861'),
(573, 10, 37, 'f9363a24-fff3-4cb0-897c-958593d980eb'),
(574, 10, 40, '6709ac71-39de-4e6b-9b6e-f97cff1ee841'),
(575, 10, 37, '365049a0-f030-4224-acb1-ff9e80a2e7da'),
(576, 10, 40, '95cdf118-b7dd-4c15-bec6-9da74fa26985'),
(577, 10, 37, '9694d00a-c67f-4590-bf0e-2e01f137f70f'),
(578, 10, 39, '16ecc20c-6969-4a4b-882e-15ce2cdc4e3e'),
(579, 10, 37, '1f23da44-8a11-4e88-9485-579005bd8cfd'),
(580, 10, 37, 'e3f6c3e8-b0fe-4afc-8570-ff8d6422c76f'),
(581, 10, 37, '2050146b-0902-4ca3-b4bc-057e9f790025'),
(582, 10, 37, '5b0e508f-d330-48b5-8e71-c9574ecc75d7'),
(583, 10, 39, '6165f218-a2ce-40d6-b60b-cc9e83cd173a'),
(584, 10, 39, '6c706403-8e49-4a21-b348-06512872f53f'),
(585, 10, 37, '6ad59889-f025-48df-9bf3-52addedaa18a'),
(586, 10, 39, '079edf0f-0dbd-4fea-aa5e-8740b7fd8ebf'),
(587, 10, 37, '1a7c3c58-10cb-4f21-8d0a-c6baa687108c'),
(588, 10, 40, '0f821141-5cc1-458e-9d99-9027f16b0d2c'),
(589, 10, 37, '30e84e56-5144-4052-9bca-3be9cc346bbc'),
(590, 10, 40, '373d766a-e84d-4daa-ab5c-6dc3b0399d34'),
(591, 10, 40, 'cdb2132e-f3e6-4543-9abc-fd3db4b22256'),
(592, 10, 37, 'c484e1a2-42b6-4313-9c7e-ba9a1296f59a'),
(593, 10, 37, '494b5a7c-5ce5-44c0-aefe-ec97ef6dcb89'),
(594, 10, 37, '14b530b8-f35b-415b-9934-42aaed02e399'),
(595, 10, 39, 'f7c63730-8a0e-427f-bb19-e19db87cd158'),
(596, 10, 37, '572ab05a-0096-42b4-a0a5-d72ba9fb0c50'),
(597, 10, 38, 'c1c77ce1-b94b-4fb5-8b1d-532364d49477'),
(598, 10, 37, '32ec871f-7528-497c-9572-50fd5d9f21f0'),
(599, 10, 38, '4cd1d209-46bd-4461-89e2-c3a237f1323b'),
(600, 10, 39, '6f515981-359c-49ce-864f-a567b34742a6'),
(601, 10, 37, '3eb884e2-9120-4524-a6c1-69a2add770c3'),
(602, 10, 40, '22a3a9eb-d2b9-45d1-a3e3-eb4858272ae6'),
(603, 10, 37, 'd1ed466d-84e3-4efe-aa72-3d52abc13d3a'),
(604, 10, 39, '2d97524b-8983-4883-a6a3-40f436b7dbf9'),
(605, 10, 37, 'e757771b-47e4-46d8-a9bd-dc502bf4b5c4'),
(606, 10, 37, 'fc57cda3-a05b-41f2-b5ab-7b9ea0af6b9f'),
(607, 10, 40, '78cc5a6f-7fac-4d03-8d1f-1ec870e8ddf2'),
(608, 10, 40, '6b541851-8f4e-4b8e-a8a0-b6322e56a4f1'),
(609, 11, 43, 'b46b480d-7876-4e72-9397-faa01f104073'),
(610, 11, 43, '154b8593-2e2e-49f5-9131-a5bac514b8ed'),
(611, 11, 43, 'f6325eeb-c4bc-4c7d-a441-2f647ad105d5'),
(612, 11, 42, 'be90c9da-1ffe-4d51-8424-c1baf759d50c'),
(613, 11, 41, '0384739d-dc7d-4574-8d87-25f5fdec3228'),
(614, 11, 41, 'a86d02a6-3eca-4be0-a1d7-6b3c522e300b'),
(615, 11, 41, 'aa68584b-5673-4a04-8739-30fe815e80d3'),
(616, 11, 41, 'c73f1fd3-255a-46a4-a3b3-5e15ae30b509'),
(617, 11, 41, '945fae42-2779-4437-ae08-8740ae6a0b95'),
(618, 11, 41, '8b1d8330-1955-4f57-bdcc-4b0daabc076e'),
(619, 11, 44, '3a81e7f1-826e-4c83-bb1b-2d4488ceaf42'),
(620, 11, 42, 'a3c46ca9-32dc-4227-ae4b-d1ad38834d6f'),
(621, 11, 41, '31747b57-bc3c-4134-a34b-641051506b6c'),
(622, 11, 41, '35a9406c-8701-4203-9c21-a688587cfead'),
(623, 11, 41, 'c96552c4-db85-4bf3-9d78-b1e1ee0298c6'),
(624, 11, 44, 'd5716c8b-9bcd-4bed-8882-62fb0b6a9f13'),
(625, 11, 41, 'f8525632-e5ca-4433-ad2b-b860404a38ef'),
(626, 11, 42, '3ec13fa6-31eb-4965-9e44-ded54b6a8bdb'),
(627, 11, 41, 'f38e7ad6-147c-4a0b-a0ba-f746dd4f097d'),
(628, 11, 43, '6273d327-6b39-44f6-a4cd-33eb4886a346'),
(629, 11, 41, '0c495efa-28df-4700-90f2-52951a0f04b7'),
(630, 11, 42, '04ba3e4a-0b0d-4770-a8d9-a7a8bfb6e478'),
(631, 11, 41, '36722f8c-ba87-48f4-8bc7-9f3f357f2870'),
(632, 11, 41, 'b502f450-1a3f-4bd3-884c-a2c558005a25'),
(633, 11, 41, '0e58858b-737a-4b79-9ef3-56aa7b7fc3c3'),
(634, 11, 41, 'c21c1c05-5f27-4691-86eb-c438a0517601'),
(635, 11, 41, '56219a24-4c18-456b-8487-e76394fb7f60'),
(636, 11, 41, '0a7772b0-a644-44f7-b526-60970ab41a0d'),
(637, 11, 42, '2a071e70-8a8e-4fbf-9609-0ab68114523d'),
(638, 11, 41, 'eb6ca3ed-543a-49e5-95ff-7ff33b7aab95'),
(639, 11, 41, '1237c57e-81f0-47ff-abd8-34ea1d1d09ad'),
(640, 11, 44, '51744323-5bc3-4ce9-b025-8f06e111c19d'),
(641, 11, 43, '1df614b4-219e-4836-87bd-cecbe66bea1c'),
(642, 11, 43, '5acca78e-a110-4a2e-8423-964a739194cf'),
(643, 11, 44, '6b7a3b40-aced-40bf-9498-dea26d7b82db'),
(644, 11, 42, '8f80ae3d-cdb6-439a-828b-42a51913f8cb'),
(645, 11, 41, 'fd7d00d2-7020-4c17-a3a8-a2bad916ffa9'),
(646, 11, 41, '795096ed-48bb-4225-ad24-1cd3f9739481'),
(647, 11, 42, '043ce874-4172-4678-86f7-0dfd9f63ad37'),
(648, 11, 43, 'ff335181-739a-43f2-b646-fdb125830e3e'),
(649, 11, 44, 'affe83d3-f61e-4082-9872-4311aa0e263d'),
(650, 11, 41, '680537bd-49c9-4fee-bd39-e274a03e1385'),
(651, 11, 41, 'e4cbc96c-3836-4619-a91c-69d4310582fd'),
(652, 11, 43, '1cbd61fc-7680-4a68-b2fd-d5c26748ef9a'),
(653, 11, 41, '627c4044-b518-47e8-bc50-579b0a9fd939'),
(654, 11, 43, '317d3306-1e0e-461b-9831-bf0ac3957daf'),
(655, 11, 42, '7dc45419-063f-4044-b1c9-29bf4389894d'),
(656, 11, 42, '5f585442-12f3-442f-a55a-6ba3498e6ded'),
(657, 11, 41, '044b475e-6ca4-4293-ae1a-14ad27c594e2'),
(658, 11, 42, 'e5db5e7b-5232-4210-aa9e-4f286b6b073b'),
(659, 11, 43, '2ca32fa8-957c-4d75-8eae-b27636187dbd'),
(660, 11, 41, '69db70dc-f1b2-4c40-9478-c395a829ea74'),
(661, 11, 42, '5d1f33a2-19b8-47b4-9b80-18c705b78ee8'),
(662, 11, 41, '5c2e3738-93e8-4f1d-bd29-9f1d1ddbeb48'),
(663, 11, 42, 'b761f47b-113d-4228-85b6-1cc300589363'),
(664, 11, 41, '6fb0ab8c-1350-4288-bb8e-39587be91b3b'),
(665, 11, 44, '9ecb885a-ac4f-462d-b897-4d1d33551da3'),
(666, 11, 43, '2f4762cf-84fd-40fa-a1e5-08f56eaf1fa1'),
(667, 11, 41, '96270b89-21e2-4f2e-9046-24871ed4d941'),
(668, 11, 41, 'd21f95cf-c682-47f8-aa93-10a5b698f42e'),
(669, 11, 44, 'ecfe7d0a-ec6b-44d5-a3c9-214863eca333'),
(670, 11, 41, 'af5c565c-98cd-45fe-bd16-f8cee9a2b1e8'),
(671, 11, 41, 'cad45982-8ab7-43c9-b14b-a1fd514550bc'),
(672, 11, 41, '0b821fd7-2e45-4470-992e-e1c4bc9ed3a8'),
(673, 11, 41, 'c263fcee-8390-445a-a551-48d06a09cac2'),
(674, 12, 45, 'b2190d42-91a3-43e8-bbbe-b3df70fb9b97'),
(675, 12, 45, '2c8d4744-50db-439e-9b2b-0b7b6e74f5bd'),
(676, 12, 45, 'e915d31a-9ac2-40a2-b3d3-bc45adec4e88'),
(677, 12, 48, 'e7b54f5c-0f5a-4779-a4ba-c1b6352dae56'),
(678, 12, 45, 'b96e7455-10b9-4250-93ae-3f9662dd5e6e'),
(679, 12, 45, '778d91ad-a165-45e6-bcab-b56d66ed24ce'),
(680, 12, 45, 'fec819dc-f66d-4266-afc5-a50237341fe9'),
(681, 12, 45, 'd2801c87-0e90-4cbd-a6b0-6cb78d7d1c24'),
(682, 12, 45, 'c94cb788-affb-4e82-a1b4-17926db09d00'),
(683, 12, 46, '01429e97-5c0c-4249-b148-ee43bde177d6'),
(684, 12, 45, '869ecc2e-f3bb-4783-b51c-3bd4cac59a40'),
(685, 12, 46, 'c3c0ba7b-710c-4691-b967-6231b1a4df67'),
(686, 12, 45, '9c021131-84e5-4788-ad25-829c5da1706d'),
(687, 12, 47, 'd0781f8a-aa56-4e2a-abb9-33b26c4d8fc9'),
(688, 12, 45, 'a3246fc3-5016-4973-b33b-adc8cdf10846'),
(689, 12, 48, '36fcfe13-e21e-4ed7-9c83-64f89802f16e'),
(690, 12, 45, '72071747-782b-4f3c-9f79-9f8779fba5c5'),
(691, 12, 45, '699a3682-9d78-4251-9c57-8e834bd21eb2'),
(692, 12, 47, '76b52078-efe7-412e-a9e5-a28b4a86bdd1'),
(693, 12, 45, '24a6bc68-e43b-4047-9dcd-ae8a68548370'),
(694, 12, 47, '4ef39ccf-2340-4f34-9af9-35740d62490c'),
(695, 12, 46, '1075d79c-a1f7-4b64-a853-b503b232932d'),
(696, 12, 47, 'a352d58a-100b-4011-b24b-26455f4bfa8f'),
(697, 12, 45, 'e8a975a2-766f-4a17-b3df-39279fd95d5e'),
(698, 12, 45, '42f697c4-5184-4f7e-8624-487cc5d83547'),
(699, 12, 46, 'c330788a-9cb3-4080-bdad-95f1e567a178'),
(700, 12, 47, 'c01071b7-7ada-483c-b73c-e8ada98b1e70'),
(701, 12, 45, '730379ab-39f8-48a3-b508-7d78d282501f'),
(702, 12, 46, '4e1fda45-7309-402c-9d63-cbfee65fba31'),
(703, 12, 46, '444a6e4b-6561-47a6-9881-e22cf6d6861e'),
(704, 12, 45, '2292a98b-36c3-449f-af34-abc5be64c240'),
(705, 12, 45, 'a9d5e82b-9ee0-4fc3-9428-36da1edd6d3b'),
(706, 12, 45, '1bce0523-6d02-4430-8079-09308146b9a1'),
(707, 12, 45, '688b34e5-eb37-4167-a484-b2efb6755e60'),
(708, 12, 45, '13dd50b8-7825-4ed6-976b-b3fb3d3632c4'),
(709, 12, 48, 'fa2e4492-49bc-4d10-882f-eb35954aa683'),
(710, 12, 45, 'eca77517-59b6-4936-b046-b760a51a882e'),
(711, 12, 45, '2d24ff7a-8131-4180-867f-4389937fe4e2'),
(712, 12, 45, 'e0712cd9-015d-4517-a98e-2b02f6e25847'),
(713, 12, 47, '97e8e535-18f7-43df-b16b-c51ff49d0380'),
(714, 13, 49, '3d6da03b-6339-4444-b6d4-7d2c6ab66020'),
(715, 13, 49, 'dc9e00f0-7466-4dc3-a6fb-0755ccefcedc'),
(716, 13, 49, 'ffa14ca0-8dff-40d2-9bd4-71ea55212d39'),
(717, 13, 49, '4d979ee9-8e04-4f28-b9f4-f50d68e7094d'),
(718, 13, 51, 'e6d183b7-3e2c-4e7a-84de-748c1fe00bf5'),
(719, 13, 49, '3f47e6e0-9a5e-4fcc-80fd-d3997399ec55'),
(720, 13, 49, 'd4afffd2-55b7-407e-97be-88f3e7d2cd49'),
(721, 13, 52, '79d57133-b434-46ee-9260-0795ffefc15c'),
(722, 13, 51, '6c7b2de5-c11f-4a7a-9411-07e548ca2f49'),
(723, 13, 49, '1f062736-c93c-4b04-8215-222c659c7e5f'),
(724, 13, 49, '5ca82c5e-994c-4138-b7d5-c1146142d06a'),
(725, 13, 49, '2ad4ef7e-652c-45f6-a926-7abb49fdd9fe'),
(726, 13, 51, '4667d8a3-b464-4f34-bdaf-04107faedc86'),
(727, 13, 49, 'c4c39541-a5d6-4e55-bed7-c0e65ebaa699'),
(728, 13, 50, '284701d0-67ab-4529-a38e-905e55078829'),
(729, 13, 50, 'cad03dfe-c316-42cf-988a-442cbbc4e613'),
(730, 13, 49, 'a6f16425-c9a3-4807-a575-3da43035639a'),
(731, 13, 52, '9926cc1f-d7bb-4e79-8f1e-961a1d3da9ef'),
(732, 13, 49, 'd312315f-a80b-4490-ae4d-244aef328fbf'),
(733, 13, 49, '8143c189-4e06-49c9-b114-d19065332cd5'),
(734, 13, 49, '9055c085-a501-44a3-b1c2-04975104a67b'),
(735, 13, 50, 'cd1758c3-9074-41d5-bb35-3afcb0d89a53'),
(736, 13, 49, 'e57b310e-504e-45de-8a45-f1c60905eb2e'),
(737, 13, 49, '959de567-4e20-4350-8da9-9e6f3d8d91f8'),
(738, 13, 51, 'f2e9a43b-e596-4364-a116-b520dbdaae48'),
(739, 13, 50, '3ead951d-0743-4422-8e88-f6e50f0c89b2'),
(740, 13, 49, '0e9a3800-e1a2-49a9-a876-374e278ede73'),
(741, 13, 49, 'e3ed9f1c-5946-428f-bc7b-6ed1d6699561'),
(742, 13, 49, 'e771ab0f-0f8d-4e1c-9b66-1e40888f6d60'),
(743, 13, 51, 'daaab202-d55f-4fc5-95f9-afcf58b37c4c'),
(744, 13, 49, '534adab9-8319-4a42-8363-60b8b3d24b01'),
(745, 13, 52, 'ed72782f-8cde-4942-b7d4-6a425c9f0125'),
(746, 13, 52, 'b5fb18b1-f9c6-4c06-929b-4823f4afc530'),
(747, 13, 49, '46ebddea-9416-4e62-80a1-f40a7869bf0a'),
(748, 13, 49, '00db96a6-0888-4647-b069-880318e3b82c'),
(749, 14, 54, '2cdc3f37-16c3-45f2-9d06-2d6324bd5f00'),
(750, 14, 55, 'cba8a394-13d9-4e3d-b335-e2025a2e84c1'),
(751, 14, 53, '8591d11b-39ba-443d-8c6d-c4c8f71bbd61'),
(752, 14, 53, 'd543ce2c-7deb-4f7a-ac28-b51b1ae4dbe6'),
(753, 14, 56, '6ef3ff9f-6b88-40bd-88c0-c2594c7b1572'),
(754, 14, 55, '3d4bc540-2b5b-4cc5-8096-9032d549af5b'),
(755, 14, 53, '469cd634-81bb-4ac9-be34-02bc1b11735c'),
(756, 14, 56, '37102cc4-fa95-4289-806d-85a3bd1f6aa7'),
(757, 14, 53, 'd1e50238-4ff0-43a0-8d7b-4c62549f8185'),
(758, 14, 53, '98cf5ef0-b835-4e4e-9176-5ab6507df9fd'),
(759, 14, 53, 'f030798d-1323-44c8-a41c-eec3cdabadab'),
(760, 14, 53, '6a3711c1-9dcd-4874-90c5-123729d8c29d'),
(761, 14, 53, '93b057f3-b64d-4f12-a609-0b7d1d1884d8'),
(762, 14, 53, 'c63ab89a-cc3b-458b-85d1-e1b4b8c76ed2'),
(763, 14, 56, 'd7f548b2-d522-44ff-ba7b-55d3c9821100'),
(764, 14, 54, 'd6cb6620-5818-4883-9188-73ef42253483'),
(765, 14, 55, '80d28f31-e125-4b4d-9ec7-ae994c0b7b41'),
(766, 14, 53, 'dfffb62e-849c-4e57-827e-7b5f6c759211'),
(767, 14, 53, '8202f519-dbe8-45fe-bf29-5ff14cf4c33f'),
(768, 14, 53, 'caddf068-a319-424a-afb2-bbbe85313fc3'),
(769, 14, 56, 'f8a5e787-97ae-4590-bb3b-727bac6f4179'),
(770, 14, 54, '258802ad-0cf1-4aed-bdd1-2976850029e1'),
(771, 14, 56, 'b26b4a36-00fa-473f-8c19-890955448150'),
(772, 14, 54, 'ddc53ec7-0c11-4394-bb8a-3008de9e9670'),
(773, 14, 55, 'f104bcdc-77a6-4b02-a659-148f9f8a061c'),
(774, 14, 53, 'dba6d555-3f54-4f62-a2dc-f01f53d83570'),
(775, 14, 55, 'ac86debc-0cb7-49c6-b4a5-b6d41d3c76fc'),
(776, 14, 53, '61649f78-9e2e-4ddf-b391-3bbecfa8cdda'),
(777, 14, 56, '33087ff5-98da-4283-84d7-affba36ec66f'),
(778, 14, 53, '9b2a1b92-eacd-47bf-89dc-90b5def74139'),
(779, 14, 56, 'c8ab4bb6-286b-4ca6-b824-a3748f7fbae8'),
(780, 14, 53, '47c8d0f6-ccc9-4aee-a78d-4ba7afa035ec'),
(781, 14, 55, 'e7650bd1-2f5a-4d31-a8a4-76ebeca86ede'),
(782, 14, 56, '8ec2764a-936e-49d2-9834-cdffea3f4fdf'),
(783, 14, 53, 'e59f7c6a-92ba-4687-9465-5dbe47dfc071'),
(784, 14, 53, 'db8d2791-c12c-4d27-bec3-fec5d1189730'),
(785, 14, 56, 'b81f1326-6ed6-43c9-ad9c-51b600d05ed4'),
(786, 14, 53, '925bb056-9599-49d7-adc4-776292260081'),
(787, 14, 53, '2236a97f-1ddb-4aae-b5da-443af5d273a3'),
(788, 14, 53, 'f53222b1-8c86-44b6-9384-b1914665d1af'),
(789, 14, 53, 'ca8b5838-450b-4297-9fd8-263efb7e1944'),
(790, 14, 53, '51ae1efe-fa37-4995-8531-57a822a16f3c'),
(791, 14, 53, '65b88b5b-495e-4811-ac9b-59fa4079e358'),
(792, 14, 54, '5f93dbb7-00ad-4afb-a72d-fb30ca4145ce'),
(793, 14, 53, '93c8980c-6bd4-449d-8419-ee0c36d1e930'),
(794, 14, 56, '48263542-d44c-4408-8a48-39b6a862ee12'),
(795, 14, 56, 'a505ded5-d22e-4033-b9b9-fa27ccf59c56'),
(796, 14, 54, 'a47a76cd-c2dd-4977-929b-b551ea7c92d6'),
(797, 14, 55, '6ddb5758-505e-435c-8046-88f1a9044cc9'),
(798, 14, 53, '9bb9e42f-b2b6-4e94-86ae-acc05082eece'),
(799, 14, 53, '207649b3-7f39-4852-9d67-9b2d30293851'),
(800, 14, 55, 'f4d24737-9df2-4533-ae61-1cb1dee2e083'),
(801, 14, 53, '66a1cf84-44df-41da-8ec3-e9b2430efcc2'),
(802, 14, 55, '71d538d9-d1d4-4f1a-95e4-ba808da5c6da'),
(803, 14, 56, '85655666-808b-4d90-b169-21760962e8fd'),
(804, 14, 53, '1e1b924d-29f9-4048-a6f3-f51868ad7b50'),
(805, 14, 53, '8950093e-ce87-4827-8324-5b6e37d9e229'),
(806, 14, 53, '17bb7dfa-21e9-47a4-aca7-ddec697b4728'),
(807, 14, 53, '3b10300e-44a7-48b1-b9fa-d8f6acc798f7'),
(808, 14, 56, 'fc6c6a0b-0ebb-4478-8155-0cab86a3a2cc'),
(809, 14, 53, 'ee7c1e9f-7f0b-4c13-ab0c-1614e87ba988'),
(810, 14, 53, '3c59c541-3bc4-4477-a2a4-3373fb2c8ee8'),
(811, 14, 53, '963d0e50-2cbb-4c88-8c94-1d13a7ccb70b'),
(812, 15, 58, '641423e5-5d1d-441e-beb9-4cc984b3c56e'),
(813, 15, 57, '8a8060b2-0033-4663-b591-c915fdb2dd81'),
(814, 15, 57, '28aa265c-4c89-47a5-85eb-0a21dccd3308'),
(815, 15, 58, '02c263ce-28b1-45e6-b9f9-5aa84aac69ee'),
(816, 15, 57, '211f9367-e6a0-44b5-b24b-cd8403e751f1'),
(817, 15, 57, 'dd0a4f43-d519-4538-9ad2-a897f6561540'),
(818, 15, 58, '40d6642c-c8e4-48b6-80ca-b68044773b40'),
(819, 15, 57, '24c92dbb-2cd0-4631-a553-086bbaf1b92b'),
(820, 15, 58, '9a5d02ef-2405-447e-ab08-30129f582b86'),
(821, 15, 60, 'b99cc4a1-c3a3-49c7-adc0-9eea3957b444'),
(822, 15, 58, '038f0edc-38a6-4023-b4cd-e2dce80c3a6d'),
(823, 15, 60, 'f3b2e02a-e2f1-4b24-9817-9a1781a04e63'),
(824, 15, 59, 'af42cdf2-89a5-4754-af3d-efe747f2e487'),
(825, 15, 58, '292c45e9-3f2f-434e-b5e7-19d2e2bf85e9'),
(826, 15, 58, '090c649d-d671-4237-9546-28c507605668'),
(827, 15, 57, '7c4721de-d632-4351-be13-cfe7cdb79a78'),
(828, 15, 58, '73aa451d-9475-40ea-b9fa-96cfee5f839f'),
(829, 15, 57, '38e87119-f50b-4f4f-b40b-ef043b03d9e8'),
(830, 15, 57, '2ad85420-24a6-4d1f-b758-15b48fb7d125'),
(831, 15, 60, '4221da4b-d5ab-4925-acb9-884daa78ede7'),
(832, 15, 57, 'c394af52-2f6b-4f28-a385-e8ca375f8f7b'),
(833, 15, 57, '34a381f9-598a-465b-b6cd-a939cb424dc6'),
(834, 15, 57, 'a30168f7-6e6c-442b-8dd3-f17e469ff797'),
(835, 15, 60, 'd1e4ad5c-9110-4bf2-8308-96d17872783d'),
(836, 15, 57, 'e6df1187-9819-4064-b07a-b01c2b886c26'),
(837, 15, 60, 'd1593b94-25db-45a1-afbf-c9fff10efd03'),
(838, 15, 57, 'de3b1240-d118-452a-bfbd-2bffd78ec657'),
(839, 15, 57, 'a6b33012-05a0-4a31-9b08-b9eec4bc8f95'),
(840, 15, 59, '73b3879d-b3dd-4a37-9fec-c9241587624f'),
(841, 15, 57, 'ec96624e-7e27-4b7e-b9c4-32f46de25439'),
(842, 15, 57, '2e54d170-0615-4eb5-812f-2a66779603d7'),
(843, 15, 58, 'e96ca591-adcf-4a30-bee8-19dd0a804a54'),
(844, 15, 57, 'b39ddee6-07fc-4308-a780-1a4aa4aee964'),
(845, 15, 60, '2b4dbc55-944d-4a38-a215-203a48f6b7e8'),
(846, 15, 59, '1a837697-4f73-4d25-8fcb-9d3c38c512dc'),
(847, 15, 57, '7b0b3375-b0d8-49d1-93c2-a0afdb5a0430'),
(848, 15, 57, 'b8c7b9d4-505a-48c0-ae52-c97982a04fc4'),
(849, 15, 57, '7fffcb51-d0ef-47c1-9e2a-31be0acd78f4'),
(850, 15, 57, 'b2662a4a-f7d0-4f3a-9e4d-db09461d2fe8'),
(851, 16, 64, '7d68e696-8993-49e6-a01b-44d1dd014366'),
(852, 16, 62, 'c52dd91f-9453-49af-b050-3b2c0f735f3e'),
(853, 16, 61, '59f45ead-7604-4596-8d63-805e0ec064af'),
(854, 16, 61, '4814d9f2-b41c-4ed5-97cb-f2f619fc026c'),
(855, 16, 61, '2a28a058-1de5-4552-abf9-ff58612644ef'),
(856, 16, 63, 'ba5ec633-2002-45b7-97bc-c9b61589bb27'),
(857, 16, 61, 'd5f0712e-840c-443c-aea4-ba818bb9395a'),
(858, 16, 61, '9f0cd765-6f64-4994-b118-f35cc32ef853'),
(859, 16, 62, '2146c058-8fe9-49f3-8b9c-4e3e84954dda'),
(860, 16, 64, 'c67711e9-814a-4b73-9dae-3ac762db559e'),
(861, 16, 61, '277b03b0-7e13-4ba9-8a68-ed188e4c7f96'),
(862, 16, 61, 'bee34339-ed03-45c2-a33f-0db8dd53a9e4'),
(863, 16, 61, '776125d3-4a8a-495c-a7a8-7b616fbed94d'),
(864, 16, 61, '9e1d6402-feb7-4a80-a0f0-5c0b0ef71e65'),
(865, 16, 61, '1f5e9cf5-9af5-4ae1-9d2a-0ae362224020'),
(866, 16, 61, '74366070-b36f-460d-a03e-c8b3d10ef425'),
(867, 16, 61, '17d7217b-4f38-4a09-a8e2-c411b4d14f2c'),
(868, 16, 63, '5a09b11a-16bb-401a-bfba-c7a10b54b15a'),
(869, 16, 61, 'fdc534d3-8e2e-4d85-aea6-1281b3382f02'),
(870, 16, 61, '4869b112-6414-44a7-b7e5-8d5380583d22'),
(871, 16, 61, '2722d2f5-f100-4e1d-a476-89777c7ca3f1'),
(872, 16, 61, 'b6867d5a-ce0a-4958-b458-6f0376563f0c'),
(873, 16, 61, '9722ff12-b24f-4075-900f-f243668ff10d'),
(874, 16, 61, 'f5efe3bf-cf87-4368-ad13-b78292de29c0'),
(875, 16, 61, '2c1a3ec6-c944-4bd9-92ba-5b055dfd199e'),
(876, 16, 63, 'fe74c55e-7b97-4619-8778-4fdbb9b4f995'),
(877, 16, 64, 'd37339f9-c6ec-43e0-aefa-aeb9f1295e5c'),
(878, 16, 61, '20d677c7-30d2-4406-bc83-de51dfe00352'),
(879, 16, 61, '71ff1ae9-9de9-44fe-bf42-75bf6bef4c00'),
(880, 16, 63, '151655be-c276-49a8-863f-c9629def7559'),
(881, 16, 61, '9f5e572e-74e7-4c77-8c93-b04e68dd27af'),
(882, 16, 61, '7a57a937-2be1-4d47-a31c-fc14c8e6cfef'),
(883, 16, 63, '3401e7e8-7bd9-4650-89a5-6b1bb8546da1'),
(884, 16, 61, 'd7600468-c0c6-4b5e-968a-d897eac44685'),
(885, 16, 61, 'b3f9dc94-6e80-4572-ab0e-46b14066b02f'),
(886, 16, 61, '593b1bd6-59a6-4bc6-8d19-45bc7802a773'),
(887, 16, 62, 'a58a5dab-ce2b-48fe-923b-cdfa86520658'),
(888, 16, 61, '3c6a533a-dc44-4bdf-9670-a21a70b954e1'),
(889, 16, 61, 'edac11e0-ce3e-4ddd-a945-f6cec7873729'),
(890, 16, 64, '4cc29772-a38d-427a-8adf-79f647c7b0c8'),
(891, 16, 64, '8f93c8b2-a969-4e2e-985e-734347caa8e9'),
(892, 16, 61, '1c977f25-3adf-47ba-b919-951fc5471329'),
(893, 16, 63, 'e2ab4d7c-bb29-46fa-8e92-04e3979d1627'),
(894, 16, 63, '5e3e9d43-292f-4989-918a-e5f55f87c203'),
(895, 16, 64, 'ca6856a1-d53a-405b-b865-490cfe0ff5b9'),
(896, 16, 61, '43606e02-5e05-4a6c-8bd9-710fef7a33d2'),
(897, 16, 61, '576f8dfb-199b-426d-8fb3-fac3c8b7d89c'),
(898, 16, 63, '76ca7bf9-adf5-4af6-aa21-3809f9d12afd'),
(899, 16, 61, 'dd4bc455-2c0e-4efb-9cdb-b48648dde102'),
(900, 16, 62, '8b216906-f2bc-49d9-b778-a8df87565acb'),
(901, 16, 61, 'ad475649-29e0-4500-a9bb-45aa5180a498'),
(902, 16, 61, 'c24a6dbe-6ece-435b-a343-7300f87c7ceb'),
(903, 16, 61, '0e84eb4d-f040-4e0f-abab-f860fde35b27'),
(904, 16, 64, '782826f8-79f2-4c83-9202-ff5c30ca6621'),
(905, 16, 61, '2f3a282c-c936-4ae1-bb44-afef908c0e16'),
(906, 16, 61, 'e951cda8-374e-4c42-8b79-8481f47c18c5'),
(907, 16, 61, '838b9ae2-dd5c-4132-a4f3-b21bdbb0a816'),
(908, 16, 64, '0a58110b-757e-442d-9179-2295df310853'),
(909, 16, 61, '8ac17da2-78b4-4ca8-a1e8-842e37107288'),
(910, 16, 61, '83cf2f65-86a7-48f0-b955-498b104a0796'),
(911, 16, 61, 'a896793a-4e06-4f7f-9fb5-2de5cec7966d'),
(912, 16, 64, 'd289bd7f-d9a8-4c38-8b0b-02b66bd3698e'),
(913, 16, 63, 'ad526bd8-41b4-43a9-a248-95427f9e0920'),
(914, 16, 64, '02eec24a-0d65-4baa-add1-03e355ed8be6'),
(915, 16, 61, 'cc2b2340-4724-43ef-aa55-98d87a800611'),
(916, 16, 62, '279db5c9-4741-4836-9ddb-be75ae282899'),
(917, 16, 64, 'b7401c2d-4c7d-4a6d-bfe3-8090b3cfa5e0'),
(918, 16, 61, '1b12d1c4-1b56-4878-8ca7-1d065c8028c2'),
(919, 16, 63, '02ec509c-88c5-449e-ab4f-594a681606dd');

